이름	방식	vitest 인자	시작	끝	종료 코드	시작 전 1분 부하	추가 부하(BURN)
a-file-01	file		23:22:05.517	23:22:08.152	0	2.79	0
a-file-02	file		23:22:08.166	23:22:10.277	0	2.81	0
a-file-03	file		23:22:10.291	23:22:12.356	0	2.81	0
a-file-04	file		23:22:12.372	23:22:14.543	0	3.06	0
a-file-05	file		23:22:14.558	23:22:16.644	0	3.06	0
a-file-06	file		23:22:16.659	23:22:18.822	0	3.06	0
a-file-07	file		23:22:18.836	23:22:20.951	0	3.30	0
a-file-08	file		23:22:20.965	23:22:23.092	0	3.30	0
a-file-09	file		23:22:23.105	23:22:25.202	0	3.51	0
a-file-10	file		23:22:25.217	23:22:27.330	0	3.51	0
a-file-11	file		23:22:27.344	23:22:29.430	0	3.47	0
a-file-12	file		23:22:29.444	23:22:31.583	0	3.47	0
a-file-13	file		23:22:31.597	23:22:33.713	0	3.47	0
a-file-14	file		23:22:33.728	23:22:35.833	0	3.76	0
a-file-15	file		23:22:35.847	23:22:37.947	0	3.76	0
a-file-16	file		23:22:37.962	23:22:40.037	0	3.85	0
a-file-17	file		23:22:40.051	23:22:42.222	0	3.85	0
a-file-18	file		23:22:42.237	23:22:44.384	0	3.85	0
a-file-19	file		23:22:44.399	23:22:46.535	0	9.07	0
a-file-20	file		23:22:46.549	23:22:48.602	0	9.07	0
a-only-01	only		23:22:53.922	23:22:55.337	0	7.91	0
a-only-02	only		23:22:55.353	23:22:56.739	0	7.91	0
a-only-03	only		23:22:56.753	23:22:58.159	0	7.91	0
a-only-04	only		23:22:58.173	23:22:59.623	0	7.36	0
a-only-05	only		23:22:59.639	23:23:01.077	0	7.36	0
a-only-06	only		23:23:01.093	23:23:02.576	0	7.36	0
a-only-07	only		23:23:02.591	23:23:04.030	0	7.25	0
a-only-08	only		23:23:04.046	23:23:05.448	0	7.25	0
a-only-09	only		23:23:05.464	23:23:06.928	0	7.25	0
a-only-10	only		23:23:06.942	23:23:08.310	0	7.25	0
a-only-11	only		23:23:08.324	23:23:09.688	0	6.91	0
a-only-12	only		23:23:09.702	23:23:11.133	0	6.91	0
a-only-13	only		23:23:11.148	23:23:12.513	0	6.91	0
a-only-14	only		23:23:12.530	23:23:14.065	0	6.67	0
a-only-15	only		23:23:14.079	23:23:15.460	0	6.67	0
a-only-16	only		23:23:15.474	23:23:16.835	0	6.67	0
a-only-17	only		23:23:16.850	23:23:18.243	0	6.67	0
a-only-18	only		23:23:18.257	23:23:19.634	0	6.30	0
a-only-19	only		23:23:19.649	23:23:21.014	0	6.30	0
a-only-20	only		23:23:21.030	23:23:22.421	0	6.30	0
b-full-1	full		23:23:28.523	23:23:48.496	0	5.87	0
b-full-2	full		23:23:48.514	23:24:08.903	0	13.67	0
b-full-3	full		23:24:08.922	23:24:30.090	0	16.29	0
b-full-4	full		23:24:30.110	23:24:52.340	0	18.64	0
b-full-5	full		23:24:52.359	23:25:14.470	0	21.85	0
c-w4-1	full	--maxWorkers=4	23:25:22.119	23:25:48.622	0	23.85	0
c-w4-2	full	--maxWorkers=4	23:25:48.644	23:26:22.333	0	18.29	0
c-w4-3	full	--maxWorkers=4	23:26:22.363	23:26:59.113	0	14.35	0
c-w4-4	full	--maxWorkers=4	23:26:59.144	23:27:34.658	0	12.44	0
c-w4-5	full	--maxWorkers=4	23:27:34.683	23:28:08.269	0	12.21	0
d-build-1	full-build		23:28:24.651	23:28:55.071	0	9.55	0
d-build-2	full-build		23:28:55.100	23:29:29.889	0	17.06	0
d-build-3	full-build		23:29:29.919	23:30:05.739	0	52.39	0
e-file-burn64-1	file		23:35:39.250	23:35:59.046	0	125.42	64
e-file-burn64-2	file		23:35:59.196	23:36:25.450	1	129.01	64
e-file-burn64-3	file		23:36:25.708	23:36:54.926	1	163.91	64
e-file-burn64-4	file		23:36:55.093	23:37:20.761	1	191.15	64
e-file-burn64-5	file		23:37:20.934	23:37:47.421	1	204.78	64
f-build-burn12-1	full-build		23:42:46.156	23:43:37.897	0	78.21	12
f-build-burn12-2	full-build		23:43:37.963	23:44:53.622	1	74.98	12
