조건	시험	횟수	실패	그리기 ms	그린 직후 본문 h1	404 제목이 DOM 에 생긴 시각 ms	대기(waitFor) ms	첫 확인 1회 ms	확인 횟수	다 그린 뒤 getByRole 1회 ms	요소 수
burn16	첫 시험(냉시동)	5	0	48 (39~63)	로그인 정보를 확인하는 중입니다	324 (209~378)	305 (171~365)	204.2 (114.9~298.4)	3 (3~3)	1.5 (0.7~2.2)	137
burn16	두 번째	5	0	37 (18~60)	로그인 정보를 확인하는 중입니다	87 (66~100)	74 (45~99)	25.5 (8.5~30.7)	2 (2~2)	1.4 (0.7~11.0)	137
burn16	세 번째	5	0	26 (17~59)	로그인 정보를 확인하는 중입니다	77 (68~113)	72 (28~79)	36.7 (4.5~49.2)	2 (2~3)	1.3 (0.4~1.8)	137
burn32	첫 시험(냉시동)	5	0	61 (38~123)	로그인 정보를 확인하는 중입니다	531 (416~1006)	425 (404~965)	385.7 (286.8~720.1)	3 (3~3)	0.8 (0.6~1.1)	137
burn32	두 번째	5	0	24 (14~127)	로그인 정보를 확인하는 중입니다	127 (52~174)	129 (34~188)	34.9 (14.2~80.0)	2 (2~3)	1.6 (0.6~4.8)	137
burn32	세 번째	5	0	40 (14~83)	로그인 정보를 확인하는 중입니다	178 (96~230)	149 (56~257)	50.0 (26.0~109.6)	3 (2~3)	0.6 (0.4~1.9)	137
burn48	첫 시험(냉시동)	5	0	207 (162~285)	로그인 정보를 확인하는 중입니다	1017 (789~1152)	874 (633~944)	617.0 (415.9~713.0)	3 (3~3)	0.7 (0.7~33.5)	137
burn48	두 번째	5	0	169 (92~194)	로그인 정보를 확인하는 중입니다	240 (210~332)	147 (43~253)	47.9 (15.0~118.5)	3 (2~3)	2.1 (0.7~10.5)	137
burn48	세 번째	5	0	173 (69~228)	로그인 정보를 확인하는 중입니다	374 (308~518)	241 (183~318)	72.0 (13.8~157.0)	3 (2~3)	0.9 (0.4~8.0)	137
burn64-text	첫 시험(냉시동)	5	0	244 (94~432)	로그인 정보를 확인하는 중입니다	538 (518~763)	326 (273~437)	153.2 (97.2~218.7)	3 (3~3)	625.2 (546.3~719.0)	137
burn64-text	두 번째	5	0	162 (129~190)	로그인 정보를 확인하는 중입니다	268 (190~415)	102 (54~248)	34.9 (2.9~122.6)	2 (2~3)	13.9 (4.1~163.4)	137
burn64-text	세 번째	5	0	141 (70~219)	로그인 정보를 확인하는 중입니다	285 (197~348)	146 (58~230)	22.1 (2.5~132.9)	2 (2~3)	8.1 (3.3~46.5)	137
burn64	첫 시험(냉시동)	5	2	335 (265~459)	로그인 정보를 확인하는 중입니다	1427 (1289~1544) · 미출현 2	1201 (1010~1248)	895.1 (753.8~1057.4)	3 (2~3)	4.5 (0.9~10.6)	137
burn64	두 번째	5	0	243 (152~292)	로그인 정보를 확인하는 중입니다	448 (357~515)	303 (164~369)	92.9 (65.3~157.7)	3 (3~3)	0.9 (0.7~28.8)	137
burn64	세 번째	5	0	219 (112~281)	로그인 정보를 확인하는 중입니다	403 (327~523)	260 (89~346)	106.9 (14.9~145.1)	2 (2~3)	4.2 (1.4~44.6)	137
idle	첫 시험(냉시동)	10	0	37 (35~61)	로그인 정보를 확인하는 중입니다	116 (110~144)	80 (75~91)	61.6 (56.4~68.3)	3 (3~3)	0.7 (0.5~1.8)	137
idle	두 번째	10	0	16 (10~32)	로그인 정보를 확인하는 중입니다	28 (23~51)	17 (14~24)	5.9 (5.3~7.7)	2 (2~2)	0.6 (0.6~1.1)	137
idle	세 번째	10	0	12 (10~20)	로그인 정보를 확인하는 중입니다	25 (21~42)	18 (15~28)	6.0 (4.8~10.2)	2 (2~2)	0.5 (0.4~1.5)	137
mode-role-hidden	첫 시험(냉시동)	5	0	36 (34~39)	로그인 정보를 확인하는 중입니다	114 (111~117)	77 (76~82)	60.2 (57.4~63.5)	3 (3~3)	0.7 (0.7~1.2)	137
mode-role-hidden	두 번째	5	0	10 (10~18)	로그인 정보를 확인하는 중입니다	23 (22~29)	16 (16~18)	5.9 (5.3~6.7)	2 (2~2)	0.7 (0.6~0.9)	137
mode-role-hidden	세 번째	5	0	10 (10~11)	로그인 정보를 확인하는 중입니다	22 (21~25)	15 (15~18)	4.6 (4.3~6.6)	2 (2~2)	0.6 (0.5~0.7)	137
mode-role-name	첫 시험(냉시동)	5	0	38 (34~48)	로그인 정보를 확인하는 중입니다	113 (112~139)	78 (75~92)	59.7 (58.2~70.8)	3 (3~3)	0.7 (0.6~0.8)	137
mode-role-name	두 번째	5	0	13 (11~17)	로그인 정보를 확인하는 중입니다	28 (26~30)	19 (16~20)	6.5 (5.6~7.9)	2 (2~2)	0.6 (0.5~1.2)	137
mode-role-name	세 번째	5	0	11 (10~17)	로그인 정보를 확인하는 중입니다	24 (21~34)	17 (15~24)	5.4 (4.5~6.5)	2 (2~2)	0.5 (0.4~0.8)	137
mode-role-noname	첫 시험(냉시동)	5	0	37 (36~46)	로그인 정보를 확인하는 중입니다	108 (102~119)	74 (69~76)	57.4 (53.5~58.1)	3 (3~3)	1.3 (1.2~1.3)	137
mode-role-noname	두 번째	5	0	12 (11~12)	로그인 정보를 확인하는 중입니다	22 (21~24)	18 (14~23)	3.1 (3.0~3.5)	2 (2~2)	0.9 (0.7~1.2)	137
mode-role-noname	세 번째	5	0	12 (11~12)	로그인 정보를 확인하는 중입니다	22 (22~23)	15 (14~15)	2.9 (2.5~3.6)	2 (2~2)	0.7 (0.6~0.9)	137
mode-text	첫 시험(냉시동)	5	0	38 (35~63)	로그인 정보를 확인하는 중입니다	63 (57~88)	23 (20~24)	10.0 (9.1~10.3)	2 (2~2)	53.6 (51.6~60.6)	137
mode-text	두 번째	5	0	13 (13~15)	로그인 정보를 확인하는 중입니다	22 (22~29)	10 (9~14)	3.1 (2.9~5.2)	2 (2~2)	4.0 (3.5~5.3)	137
mode-text	세 번째	5	0	10 (10~11)	로그인 정보를 확인하는 중입니다	25 (22~35)	15 (12~26)	6.1 (4.9~6.6)	2 (2~2)	4.0 (3.2~4.8)	137
