조건	횟수	404 시험 실패	다른 시험 실패	404 시험 ms 중앙값(최소~최대)	같은 파일 다른 시험 ms 중앙값(최소~최대)	파일 소요 합 s	전체 소요 s	빌드 s	CPU 유휴 % 평균	1분 부하 평균	실패 때 <main> 의 h1
검토 첫 실행(17:09, 기본 작업자 7 · tsc -b 동시)	1	1	0 	1594 (1594~1594)	286 (131~788)	174.7 (174.7~174.7)	48.4 (48.4~48.4)	-	-	-	(잘림)
검토 전체 재실행(17:17, --maxWorkers=4)	1	0	0 	323 (323~323)	56 (31~123)	42.6 (42.6~42.6)	24.6 (24.6~24.6)	-	-	-	-
(a) router.test.tsx 단독	20	0	0 	138 (127~151)	44 (24~74)	0.9 (0.8~0.9)	1.8 (1.7~2.1)	-	59	4.0	-
(a) -t 로 404 시험만	20	0	0 	133 (120~144)	-	0.1 (0.1~0.1)	1.1 (1.0~1.2)	-	59	6.9	-
(b) 전체 · 기본 작업자(7)	5	0	0 	378 (288~431)	129 (44~265)	64.4 (59.8~66.0)	20.8 (19.6~21.8)	-	1	17.1	-
(c) 전체 · --maxWorkers=4	5	0	0 	349 (230~393)	103 (52~242)	57.7 (43.3~63.0)	33.2 (26.1~36.1)	-	18	14.6	-
(d) 전체 · 기본 작업자 + npm run build 동시	3	0	0 	526 (469~756)	160 (92~409)	108.4 (92.3~110.3)	34.3 (29.7~35.2)	24.2 (20.3~24.7)	3	32.9	-
(추가 e) router.test.tsx 단독 + yes 64개	5	4	0 	1768 (1346~2146)	651 (219~1371)	13.3 (8.4~14.0)	23.4 (17.2~25.5)	-	4	172.4	로그인 정보를 확인하는 중입니다
(추가 f) 전체 · 기본 작업자 + npm run build + yes 12개	2	0	1 IncidentsPage 목록 API의 전체 규칙 선택지를 써서 아직 로드하지 않은 규칙도 필터링한다	1220 (780~1661)	312 (131~692)	189.6 (137.3~241.9)	62.6 (50.9~74.3)	43.7 (31.1~56.2)	1	83.3	-
