app/test_absorbed_db.py	1	?	(출력 없음)	152
app/test_accounts.py	0	40	OK (skipped=2)	3028
app/test_accounts_db.py	0	11	OK (skipped=11)	337
app/test_cti.py	0	94	OK	429
app/test_cti_db.py	0	19	OK (skipped=19)	243
app/test_dashboard_db.py	0	9	OK (skipped=9)	84
app/test_inputs.py	0	19	OK	431
app/test_live.py	1	20	FAILED (errors=4)	295
app/test_live_db.py	1	?	(출력 없음)	93
app/test_notify.py	1	?	(출력 없음)	233
app/test_notify_db.py	1	?	(출력 없음)	213
app/test_operations.py	0	4	OK	243
app/test_operations_db.py	0	9	OK (skipped=9)	235
app/test_proposals.py	0	9	OK	335
app/test_proposals_db.py	1	?	(출력 없음)	104
app/test_reports.py	0	17	OK	369
app/test_reports_db.py	0	15	OK (skipped=15)	249
app/test_sources.py	0	31	OK	414
app/test_sources_db.py	0	26	OK (skipped=26)	336
app/test_targets.py	0	44	OK	361
app/test_targets_db.py	0	17	OK (skipped=17)	243
app/test_web.py	0	85	OK (skipped=1)	1202
collector/test_gate.py	0	68	OK	12331
collector/test_nodes.py	0	46	OK	171
collector/test_pull_loki.py	0	39	OK	34720
cti/test_cti_schema.py	0	16	OK (skipped=10)	90
cti/test_opsloop_cti.py	0	86	OK	1291
cti/test_opsloop_cti_db.py	0	11	OK (skipped=11)	104
cti/test_probe.py	0	16	OK	2171
detector/test_detect_sensors.py	0	162	OK (skipped=32)	298
detector/test_normal_traffic.py	0	22	OK (skipped=9)	1145
detector/test_sigma_convert.py	0	34	OK (skipped=3)	227
detector/test_triage.py	0	31	OK (skipped=19)	102
enforcer/test_block_enforcer.py	0	80	OK (skipped=4)	277
infra/ansible/test_web01_files.py	0	32	OK	8420
infra/aws/gateway/test_block_sync.py	0	58	OK (skipped=1)	3772
infra/test_block_enforce_db.py	0	33	OK (skipped=25)	76
infra/test_block_points_db.py	0	13	OK (skipped=5)	72
infra/test_console_accounts_db.py	0	28	OK (skipped=20)	74
infra/test_console_accounts_manage_db.py	0	25	OK (skipped=17)	79
infra/test_status_board_db.py	0	15	OK (skipped=7)	75
infra/vmware/failover/test_failover_tools.py	0	56	OK	31461
infra/vmware/restore-drill/test_restore_drill.py	0	45	OK	21206
infra/vmware/scripts/test_backup_db.py	0	5	OK	937
infra/vmware/scripts/test_collect_assets.py	0	28	OK	22181
infra/vmware/scripts/test_console_join.py	0	22	OK (skipped=1)	10804
infra/vmware/scripts/test_console_watch.py	0	42	OK	18882
infra/vmware/test_data_compose.py	0	21	OK	372
infra/vmware/test_fw_haproxy.py	0	28	OK (skipped=2)	118
parser/test_parse_agent.py	0	37	OK	162
parser/test_parse_gateway.py	0	15	OK	78
parser/test_parsers.py	0	13	OK	116
puller/test_ingest.py	0	16	OK	4880
puller/test_pull.py	0	44	OK	181
puller/test_record_heartbeats.py	0	14	OK (skipped=4)	109
sensor/test_upload.py	0	18	OK	116
