app/test_absorbed_db.py	0	26	OK	1570
app/test_accounts.py	0	40	OK	2057
app/test_accounts_db.py	0	11	OK	3851
app/test_cti.py	0	94	OK	641
app/test_cti_db.py	0	19	OK	2250
app/test_dashboard_db.py	0	9	OK	798
app/test_inputs.py	0	19	OK	635
app/test_live.py	0	20	OK	703
app/test_live_db.py	0	7	OK	4186
app/test_notify.py	0	34	OK	1416
app/test_notify_db.py	0	12	OK	1069
app/test_operations.py	0	4	OK	422
app/test_operations_db.py	0	9	OK	783
app/test_proposals.py	0	9	OK	541
app/test_proposals_db.py	0	3	OK	635
app/test_reports.py	0	17	OK	551
app/test_reports_db.py	0	15	OK	2802
app/test_sources.py	0	31	OK	609
app/test_sources_db.py	0	26	OK	2343
app/test_targets.py	0	44	OK	551
app/test_targets_db.py	0	17	OK	1984
app/test_web.py	0	85	OK	1375
collector/test_gate.py	0	68	OK	12820
collector/test_nodes.py	0	46	OK	331
collector/test_pull_loki.py	0	39	OK	20975
cti/test_cti_schema.py	0	16	OK	757
cti/test_opsloop_cti.py	0	86	OK	1731
cti/test_opsloop_cti_db.py	0	11	OK	1258
cti/test_probe.py	0	16	OK (skipped=1)	281
detector/test_detect_sensors.py	0	162	OK (skipped=7)	1702
detector/test_normal_traffic.py	0	22	OK (skipped=9)	2090
detector/test_sigma_convert.py	0	34	OK	527
detector/test_triage.py	0	31	OK	564
enforcer/test_block_enforcer.py	0	80	OK	1358
infra/ansible/test_web01_files.py	0	32	OK	9953
infra/aws/gateway/test_block_sync.py	0	58	OK (skipped=1)	3616
infra/test_block_enforce_db.py	0	33	OK	687
infra/test_block_points_db.py	0	13	OK	412
infra/test_console_accounts_db.py	0	28	OK	688
infra/test_console_accounts_manage_db.py	0	25	OK	949
infra/test_status_board_db.py	0	15	OK	434
infra/vmware/failover/test_failover_tools.py	0	56	OK (skipped=1)	33271
infra/vmware/restore-drill/test_restore_drill.py	0	45	OK (skipped=1)	29424
infra/vmware/scripts/test_backup_db.py	0	5	OK	208
infra/vmware/scripts/test_collect_assets.py	0	28	OK (skipped=3)	8864
infra/vmware/scripts/test_console_join.py	0	22	OK	3942
infra/vmware/scripts/test_console_watch.py	0	42	OK (skipped=3)	5806
infra/vmware/test_data_compose.py	0	21	OK (skipped=4)	164
infra/vmware/test_fw_haproxy.py	0	28	OK (skipped=2)	137
parser/test_parse_agent.py	0	37	OK	228
parser/test_parse_gateway.py	0	15	OK	136
parser/test_parsers.py	0	13	OK	138
puller/test_ingest.py	0	16	OK	2978
puller/test_pull.py	0	44	OK	397
puller/test_record_heartbeats.py	0	14	OK	540
sensor/test_upload.py	0	18	OK	233
